scenario,scene,duration_min,TTE_honor_h,TTE_honor_scaled_energy_h,TTE_iphone_reference_h,k_scene,TTE_honor_calibrated_to_iphone_h
1,Standby,40.766666666666666,67.94444444444444,67.94444444444444,48.0,0.7064595257563369,48.0
2,Video,28.9,12.041666666666668,12.041666666666668,4.0,0.33217993079584773,4.0
3,Social,40.15,66.91666666666667,66.91666666666667,6.0,0.0896637608966376,6.0
4,Navigation,41.88333333333333,13.96111111111111,13.96111111111111,3.5,0.25069637883008355,3.4999999999999996
5,Gaming,39.583333333333336,4.123263888888888,4.123263888888888,2.5,0.6063157894736843,2.5
