scene,tte_meas_h,L,U,net,gps,N_app,T_env_c,tte_pred_h,tte_pred_min,abs_err_h,rel_err_pct,bias,P_total_W
Standby,48.0,0.1,0.05,OFF,0,2,25,50.77277777777778,3046.366666666667,2.772777777777783,5.776620370370381,高估,0.3476668056454454
Video,4.0,0.8,0.35,WiFi,0,3,25,4.551666666666667,273.1,0.5516666666666667,13.791666666666668,高估,3.643783679623746
Gaming,2.5,0.9,0.7,WiFi,0,2,25,2.741111111111111,164.46666666666667,0.24111111111111105,9.644444444444442,高估,5.820708485834695
Navigation,3.5,0.6,0.4,5G,1,3,17,3.9605555555555556,237.63333333333333,0.4605555555555556,13.158730158730162,高估,4.030103495059014
Social,6.0,0.5,0.3,4G,0,3,25,6.637777777777777,398.26666666666665,0.6377777777777771,10.629629629629617,高估,2.549385394307287
